code_fap_341,intitule_fap_341,code_fap_228,intitule_fap_228,code_fap_86,intitule_fap_86,code_fap_22,intitule_fap_22
A0X40,Agriculteurs,A0X40,Agriculteurs,A0X,"Agriculteurs, éleveurs, sylviculteurs, bûcherons",A,"Agriculture, marine, pêche"
A0X41a,Eleveurs de bovins ou d'équins,A0X41,Eleveurs,A0X,"Agriculteurs, éleveurs, sylviculteurs, bûcherons",A,"Agriculture, marine, pêche"
A0X41b,"Eleveurs d'insectes, d'animaux sauvages ou de compagnie",A0X41,Eleveurs,A0X,"Agriculteurs, éleveurs, sylviculteurs, bûcherons",A,"Agriculture, marine, pêche"
A0X41c,Eleveurs de lapins et volailles,A0X41,Eleveurs,A0X,"Agriculteurs, éleveurs, sylviculteurs, bûcherons",A,"Agriculture, marine, pêche"
A0X41d,Eleveurs d'ovins ou de caprins,A0X41,Eleveurs,A0X,"Agriculteurs, éleveurs, sylviculteurs, bûcherons",A,"Agriculture, marine, pêche"
A0X41e,Eleveurs de porcins,A0X41,Eleveurs,A0X,"Agriculteurs, éleveurs, sylviculteurs, bûcherons",A,"Agriculture, marine, pêche"
A0X41f,Aides d'éleveurs,A0X41,Eleveurs,A0X,"Agriculteurs, éleveurs, sylviculteurs, bûcherons",A,"Agriculture, marine, pêche"
A0X42a,Bûcherons et élagueurs,A0X42,"Bûcherons, sylviculteurs et agents forestiers",A0X,"Agriculteurs, éleveurs, sylviculteurs, bûcherons",A,"Agriculture, marine, pêche"
A0X42b,"Sylviculteurs, agents forestiers et agents de protection des espaces naturels",A0X42,"Bûcherons, sylviculteurs et agents forestiers",A0X,"Agriculteurs, éleveurs, sylviculteurs, bûcherons",A,"Agriculture, marine, pêche"
A0X43,Conducteurs d'engins agricoles ou forestiers,A0X43,Conducteurs d'engins agricoles ou forestiers,A0X,"Agriculteurs, éleveurs, sylviculteurs, bûcherons",A,"Agriculture, marine, pêche"
A1X40,Maraîchers et horticulteurs,A1X40,Maraîchers et horticulteurs,A1X,"Maraîchers, jardiniers, viticulteurs",A,"Agriculture, marine, pêche"
A1X41,Jardiniers des espaces verts et naturels,A1X41,Jardiniers des espaces verts et naturels,A1X,"Maraîchers, jardiniers, viticulteurs",A,"Agriculture, marine, pêche"
A1X42,"Viticulteurs, arboriculteurs",A1X42,"Viticulteurs, arboriculteurs",A1X,"Maraîchers, jardiniers, viticulteurs",A,"Agriculture, marine, pêche"
A2X70a,Techniciens et agents de conseil et assistance technique en agriculture,A2X70,Techniciens et agents d'encadrement d'exploitations agricoles,A2X,Techniciens et cadres de l'agriculture,A,"Agriculture, marine, pêche"
A2X70b,Techniciens et agents de contrôle et diagnostic technique en agriculture,A2X70,Techniciens et agents d'encadrement d'exploitations agricoles,A2X,Techniciens et cadres de l'agriculture,A,"Agriculture, marine, pêche"
A2X70c,"Techniciens et agents de maîtrise en agriculture, élevage et environnement naturel",A2X70,Techniciens et agents d'encadrement d'exploitations agricoles,A2X,Techniciens et cadres de l'agriculture,A,"Agriculture, marine, pêche"
A2X90,"Ingénieurs, cadres techniques de l'agriculture",A2X90,"Ingénieurs, cadres techniques de l'agriculture",A2X,Techniciens et cadres de l'agriculture,A,"Agriculture, marine, pêche"
A3X40a,Aquaculteurs et saliculteurs,A3X40,Pêcheurs et aquaculteurs,A3X,"Marins, pêcheurs, aquaculteurs",A,"Agriculture, marine, pêche"
A3X40b,Marins d'équipage de pêche,A3X40,Pêcheurs et aquaculteurs,A3X,"Marins, pêcheurs, aquaculteurs",A,"Agriculture, marine, pêche"
A3X41,Marins,A3X41,Marins,A3X,"Marins, pêcheurs, aquaculteurs",A,"Agriculture, marine, pêche"
A3X90,Cadres et maîtres d'équipage de la marine,A3X90,Cadres et maîtres d'équipage de la marine,A3X,"Marins, pêcheurs, aquaculteurs",A,"Agriculture, marine, pêche"
B0X30,Ouvriers peu qualifiés de l'extraction et des travaux publics,B0X30,Ouvriers peu qualifiés de l'extraction et des travaux publics,B0X,"Ouvriers des travaux publics, du béton et de l'extraction",B,"Bâtiment, travaux publics"
B0X31,Ouvriers qualifiés de l'extraction et des travaux publics,B0X31,Ouvriers qualifiés de l'extraction et des travaux publics,B0X,"Ouvriers des travaux publics, du béton et de l'extraction",B,"Bâtiment, travaux publics"
B0X32a,Ouvriers peu qualifiés en construction en béton,B0X32,Ouvriers de la construction en béton,B0X,"Ouvriers des travaux publics, du béton et de l'extraction",B,"Bâtiment, travaux publics"
B0X32b,Ouvriers qualifiés en construction en béton,B0X32,Ouvriers de la construction en béton,B0X,"Ouvriers des travaux publics, du béton et de l'extraction",B,"Bâtiment, travaux publics"
B1X30,Maçons peu qualifiés,B1X30,Maçons peu qualifiés,B1X,Ouvriers du gros œuvre du bâtiment,B,"Bâtiment, travaux publics"
B1X31,Maçons qualifiés,B1X31,Maçons qualifiés,B1X,Ouvriers du gros œuvre du bâtiment,B,"Bâtiment, travaux publics"
B1X33a,Charpentiers peu qualifiés,B1X33,Charpentiers (métal et bois),B1X,Ouvriers du gros œuvre du bâtiment,B,"Bâtiment, travaux publics"
B1X33b,Charpentiers qualifiés,B1X33,Charpentiers (métal et bois),B1X,Ouvriers du gros œuvre du bâtiment,B,"Bâtiment, travaux publics"
B1X34a,Couvreurs peu qualifiés,B1X34,Couvreurs,B1X,Ouvriers du gros œuvre du bâtiment,B,"Bâtiment, travaux publics"
B1X34b,Couvreurs qualifiés,B1X34,Couvreurs,B1X,Ouvriers du gros œuvre du bâtiment,B,"Bâtiment, travaux publics"
B1X38,Professionnels du travail de la pierre et des matériaux associés,B1X38,Professionnels du travail de la pierre et des matériaux associés,B1X,Ouvriers du gros œuvre du bâtiment,B,"Bâtiment, travaux publics"
B2X30a,Ouvriers peu qualifiés en pose et décoration de revêtements,B2X30,Ouvriers en pose et décoration de revêtements,B2X,Ouvriers du second œuvre du bâtiment,B,"Bâtiment, travaux publics"
B2X30b,Ouvriers qualifiés en pose et décoration de revêtements,B2X30,Ouvriers en pose et décoration de revêtements,B2X,Ouvriers du second œuvre du bâtiment,B,"Bâtiment, travaux publics"
B2X31a,"Ouvriers peu qualifiés en travaux de façade, d'étanchéité et d'isolation",B2X31,"Ouvriers en travaux de façade, d'étanchéité et d'isolation",B2X,Ouvriers du second œuvre du bâtiment,B,"Bâtiment, travaux publics"
B2X31b,"Ouvriers qualifiés en travaux de façade, d'étanchéité et d'isolation",B2X31,"Ouvriers en travaux de façade, d'étanchéité et d'isolation",B2X,Ouvriers du second œuvre du bâtiment,B,"Bâtiment, travaux publics"
B2X32a,Ouvriers peu qualifiés en électricité du bâtiment,B2X32,Ouvriers en électricité du bâtiment,B2X,Ouvriers du second œuvre du bâtiment,B,"Bâtiment, travaux publics"
B2X32b,Ouvriers qualifiés en électricité du bâtiment,B2X32,Ouvriers en électricité du bâtiment,B2X,Ouvriers du second œuvre du bâtiment,B,"Bâtiment, travaux publics"
B2X33a,"Plombiers, chauffagistes peu qualifiés",B2X33,Plombiers chauffagistes,B2X,Ouvriers du second œuvre du bâtiment,B,"Bâtiment, travaux publics"
B2X33b,"Plombiers, chauffagistes qualifiés",B2X33,Plombiers chauffagistes,B2X,Ouvriers du second œuvre du bâtiment,B,"Bâtiment, travaux publics"
B2X35,Ouvriers en montage réseaux électriques et télécoms,B2X35,Ouvriers en montage réseaux électriques et télécoms,B2X,Ouvriers du second œuvre du bâtiment,B,"Bâtiment, travaux publics"
B2X36a,Ouvriers peu qualifiés en peinture en bâtiment,B2X36,Ouvriers en peinture en bâtiment,B2X,Ouvriers du second œuvre du bâtiment,B,"Bâtiment, travaux publics"
B2X36b,Ouvriers qualifiés en peinture en bâtiment,B2X36,Ouvriers en peinture en bâtiment,B2X,Ouvriers du second œuvre du bâtiment,B,"Bâtiment, travaux publics"
B2X37,Ouvriers peu qualifiés en menuiserie et en agencement du BTP,B2X37,Ouvriers peu qualifiés en menuiserie et en agencement du BTP,B2X,Ouvriers du second œuvre du bâtiment,B,"Bâtiment, travaux publics"
B2X38,Ouvriers qualifiés en menuiserie et en agencement du BTP,B2X38,Ouvriers qualifiés en menuiserie et en agencement du BTP,B2X,Ouvriers du second œuvre du bâtiment,B,"Bâtiment, travaux publics"
B5X40a,Conducteurs de grue,B5X40,Conducteurs d'engins du bâtiment et des travaux publics,B5X,Conducteurs d'engins du bâtiment et des travaux publics,B,"Bâtiment, travaux publics"
B5X40b,Conducteurs d'engins de terrassement et de carrière,B5X40,Conducteurs d'engins du bâtiment et des travaux publics,B5X,Conducteurs d'engins du bâtiment et des travaux publics,B,"Bâtiment, travaux publics"
B6X70,Géomètres,B6X70,Géomètres,B6X,"Techniciens, agents de maîtrise et assimilés du bâtiment et des travaux publics",B,"Bâtiment, travaux publics"
B6X71a,"Techniciens et agents de maîtrise des études BTP, des études géologiques et du contrôle et diagnostic technique du BTP",B6X71,Techniciens experts et chargés d’études du BTP,B6X,"Techniciens, agents de maîtrise et assimilés du bâtiment et des travaux publics",B,"Bâtiment, travaux publics"
B6X71d,Techniciens et agents de maîtrise du métré de la construction,B6X71,Techniciens experts et chargés d’études du BTP,B6X,"Techniciens, agents de maîtrise et assimilés du bâtiment et des travaux publics",B,"Bâtiment, travaux publics"
B6X72,Dessinateurs en bâtiment et en travaux publics,B6X72,Dessinateurs en bâtiment et en travaux publics,B6X,"Techniciens, agents de maîtrise et assimilés du bâtiment et des travaux publics",B,"Bâtiment, travaux publics"
B6X73,Techniciens et agents de maîtrise de chantiers du BTP ,B6X73,Techniciens et agents de maîtrise de chantiers du BTP ,B6X,"Techniciens, agents de maîtrise et assimilés du bâtiment et des travaux publics",B,"Bâtiment, travaux publics"
B6X74,Conducteurs de travaux et chefs de chantier non cadres,B6X74,Conducteurs de travaux et chefs de chantier non cadres,B6X,"Techniciens, agents de maîtrise et assimilés du bâtiment et des travaux publics",B,"Bâtiment, travaux publics"
B7X90,Architectes,B7X90,Architectes,B7X,Cadres du bâtiment et des travaux publics,B,"Bâtiment, travaux publics"
B7X91,"Cadres des études BTP, des études géologiques, du métré de la construction et du contrôle et diagnostic technique du BTP ",B7X91,"Cadres des études BTP, des études géologiques, du métré de la construction et du contrôle et diagnostic technique du BTP ",B7X,Cadres du bâtiment et des travaux publics,B,"Bâtiment, travaux publics"
B7X92e,Cadres de la conduite de travaux du BTP et de la direction en entretien des infrastructures et du bâti,B7X92,"Ingénieurs du bâtiment et des travaux publics, chefs de chantier et conducteurs de travaux (cadres)",B7X,Cadres du bâtiment et des travaux publics,B,"Bâtiment, travaux publics"
B7X92f,Cadres en Direction de chantier du BTP,B7X92,"Ingénieurs du bâtiment et des travaux publics, chefs de chantier et conducteurs de travaux (cadres)",B7X,Cadres du bâtiment et des travaux publics,B,"Bâtiment, travaux publics"
B7X92g,Cadres en Direction et ingénierie d'exploitation de gisements et de carrières,B7X92,"Ingénieurs du bâtiment et des travaux publics, chefs de chantier et conducteurs de travaux (cadres)",B7X,Cadres du bâtiment et des travaux publics,B,"Bâtiment, travaux publics"
C0X30a,Ouvriers peu qualifiés de l'électricité et de l'électronique,C0X30,Ouvriers de l'électricité et de l'électronique,C0X,Ouvriers de l'électricité et de l'électronique,C,"Électricité, électronique"
C0X30b,Ouvriers qualifiés de l'électricité et de l'électronique,C0X30,Ouvriers de l'électricité et de l'électronique,C0X,Ouvriers de l'électricité et de l'électronique,C,"Électricité, électronique"
C2X70,"Techniciens, agents de maîtrise et assimilés en électricité et en électronique",C2X70,"Techniciens, agents de maîtrise et assimilés en électricité et en électronique",C2X,"Techniciens, agents de maîtrise et assimilés de l'électricité et de l'électronique",C,"Électricité, électronique"
D0X30,Ouvriers peu qualifiés en conduite d'équipement d'usinage,D0X30,Ouvriers peu qualifiés en conduite d'équipement d'usinage,D0X,Ouvriers travaillant par enlèvement de métal,D,"Mécanique, travail des métaux"
D0X31,Ouvriers qualifiés en conduite d'équipement d'usinage,D0X31,Ouvriers qualifiés en conduite d'équipement d'usinage,D0X,Ouvriers travaillant par enlèvement de métal,D,"Mécanique, travail des métaux"
D0X33,Régleurs,D0X33,Régleurs,D0X,Ouvriers travaillant par enlèvement de métal,D,"Mécanique, travail des métaux"
D1X30a,Ouvriers peu qualifiés en chaudronnerie et tôlerie,D1X30,Ouvriers en chaudronnerie et tôlerie,D1X,Ouvriers travaillant par formage de métal,D,"Mécanique, travail des métaux"
D1X30b,Ouvriers qualifiés en chaudronnerie et tôlerie,D1X30,Ouvriers en chaudronnerie et tôlerie,D1X,Ouvriers travaillant par formage de métal,D,"Mécanique, travail des métaux"
D1X32,Tuyauteurs,D1X32,Tuyauteurs,D1X,Ouvriers travaillant par formage de métal,D,"Mécanique, travail des métaux"
D1X33a,Ouvriers peu qualifiés en soudage,D1X33,Soudeurs,D1X,Ouvriers travaillant par formage de métal,D,"Mécanique, travail des métaux"
D1X33b,Ouvriers qualifiés en soudage,D1X33,Soudeurs,D1X,Ouvriers travaillant par formage de métal,D,"Mécanique, travail des métaux"
D2X30,"Ouvriers peu qualifiés en ajustement, montage et assemblage mécanique",D2X30,"Ouvriers peu qualifiés en ajustement, montage et assemblage mécanique",D2X,Ouvriers de la mécanique et du traitement de surface,D,"Mécanique, travail des métaux"
D2X31,"Ouvriers qualifiés en ajustement, montage et assemblage mécanique",D2X31,"Ouvriers qualifiés en ajustement, montage et assemblage mécanique",D2X,Ouvriers de la mécanique et du traitement de surface,D,"Mécanique, travail des métaux"
D2X32,Ouvriers de la peinture et du traitement de surface,D2X32,Ouvriers de la peinture et du traitement de surface,D2X,Ouvriers de la mécanique et du traitement de surface,D,"Mécanique, travail des métaux"
D6X70,Techniciens en mécanique et travail des métaux,D6X70,Techniciens en mécanique et travail des métaux,D6X,Techniciens et agents de maîtrise des industries mécaniques,D,"Mécanique, travail des métaux"
D6X80,Agents de maîtrise et assimilés en fabrication mécanique,D6X80,Agents de maîtrise et assimilés en fabrication mécanique,D6X,Techniciens et agents de maîtrise des industries mécaniques,D,"Mécanique, travail des métaux"
E0X30,Pilotes d'installation lourdes des industries de transformation et d'énergie,E0X30,Pilotes d'installation lourdes des industries de transformation et d'énergie,E0X,Pilotes d'installation lourdes des industries de transformation et d'énergie,E,Industries de process
E1X21,Ouvriers peu qualifiés de conduite d'installation de production de métaux,E1X21,Ouvriers peu qualifiés de conduite d'installation de production de métaux,E1X,"Ouvriers de la métallurgie, du verre, de la céramique et des matériaux de construction",E,Industries de process
E1X30a,"Ouvriers peu qualifiés de l'industrie verrière, céramique et matériaux de construction",E1X30,"Ouvriers de l'industrie verrière, céramique et matériaux de construction",E1X,"Ouvriers de la métallurgie, du verre, de la céramique et des matériaux de construction",E,Industries de process
E1X30b,"Ouvriers qualifiés de l'industrie verrière, céramique et matériaux de construction",E1X30,"Ouvriers de l'industrie verrière, céramique et matériaux de construction",E1X,"Ouvriers de la métallurgie, du verre, de la céramique et des matériaux de construction",E,Industries de process
E1X41,Ouvriers qualifiés de conduite d'installation de production de métaux,E1X41,Ouvriers qualifiés de conduite d'installation de production de métaux,E1X,"Ouvriers de la métallurgie, du verre, de la céramique et des matériaux de construction",E,Industries de process
E2X20,Ouvriers peu qualifiés des industries chimiques et plastiques,E2X20,Ouvriers peu qualifiés des industries chimiques et plastiques,E2X,Ouvriers des industries chimiques et plastiques,E,Industries de process
E2X40,Ouvriers qualifiés des industries chimiques et plastiques,E2X40,Ouvriers qualifiés des industries chimiques et plastiques,E2X,Ouvriers des industries chimiques et plastiques,E,Industries de process
E3X20,Ouviers peu qualifiés des industries agro-alimentaires,E3X20,Ouviers peu qualifiés des industries agro-alimentaires,E3X,Ouvriers des industries agro-alimentaires,E,Industries de process
E3X40,Ouviers qualifiés des industries agro-alimentaires,E3X40,Ouviers qualifiés des industries agro-alimentaires,E3X,Ouvriers des industries agro-alimentaires,E,Industries de process
E4X30,"Ouvriers en conduite d’équipement de fabrication de pâte à papier, de papier et de carton et de panneaux de bois",E4X30,"Ouvriers en conduite d’équipement de fabrication de pâte à papier, de papier et de carton et de panneaux de bois",E4X,Autres ouvriers des industries de process,E,Industries de process
E4X32a,"Ouvriers peu qualifiés du conditionnement, du tri et de l'emballage",E4X32,"Ouvriers du conditionnement, du tri et de l'emballage",E4X,Autres ouvriers des industries de process,E,Industries de process
E4X32b,"Ouvriers qualifiés du conditionnement, du tri et de l'emballage",E4X32,"Ouvriers du conditionnement, du tri et de l'emballage",E4X,Autres ouvriers des industries de process,E,Industries de process
E5X70a,Techniciens des industries de process,E5X70,Techniciens des industries de process,E5X,Techniciens et agents de maîtrise des industries de process,E,Industries de process
E5X70c,Techniciens intervention technique en laboratoire d'analyse industrielle et en formulation et analyse sensorielle,E5X70,Techniciens des industries de process,E5X,Techniciens et agents de maîtrise des industries de process,E,Industries de process
E5X80, Agents de maitrise et assimilés des industries de process,E5X80, Agents de maitrise et assimilés des industries de process,E5X,Techniciens et agents de maîtrise des industries de process,E,Industries de process
F0X30,"Ouvriers, techniciens et agents de maîtrise en traitement du cuir",F0X30,"Ouvriers, techniciens et agents de maîtrise en traitement du cuir",F0X,"Ouvriers, techniciens et agents de maîtrise du textile et du cuir",F,"Matériaux souples, bois, industries graphiques"
F0X32,"Ouvriers, techniciens et agents de maîtrise du textile",F0X32,"Ouvriers, techniciens et agents de maîtrise du textile",F0X,"Ouvriers, techniciens et agents de maîtrise du textile et du cuir",F,"Matériaux souples, bois, industries graphiques"
F0X33,"Ouvriers, techniciens et agents de maîtrise de l'habillement",F0X33,"Ouvriers, techniciens et agents de maîtrise de l'habillement",F0X,"Ouvriers, techniciens et agents de maîtrise du textile et du cuir",F,"Matériaux souples, bois, industries graphiques"
F1X30,Ouvriers de la réalisation d'ouvrages décoratifs et meubles en bois,F1X30,Ouvriers de la réalisation d'ouvrages décoratifs et meubles en bois,F1X,Ouvriers et techniciens du travail du bois et de l'ameublement,F,"Matériaux souples, bois, industries graphiques"
F1X31a,"Ouvriers peu qualifiés de la scierie, de l'assemblage et de la fabrication d'ouvrages en bois",F1X31,"Ouvriers et techniciens de la scierie, de l'assemblage et de la fabrication d'ouvrages en bois",F1X,Ouvriers et techniciens du travail du bois et de l'ameublement,F,"Matériaux souples, bois, industries graphiques"
F1X31b,"Ouvriers qualifiés et techniciens de la scierie, de l'assemblage et de la fabrication d'ouvrages en bois",F1X31,"Ouvriers et techniciens de la scierie, de l'assemblage et de la fabrication d'ouvrages en bois",F1X,Ouvriers et techniciens du travail du bois et de l'ameublement,F,"Matériaux souples, bois, industries graphiques"
F2X30a,Ouvriers de l'imprimerie,F2X30,"Ouvriers, techniciens et agents de maîtrise de l'imprimerie",F2X,"Ouvriers, techniciens et agents de maîtrise des industries graphiques",F,"Matériaux souples, bois, industries graphiques"
F2X30b,Techniciens et agents de maîtrise de l'imprimerie,F2X30,"Ouvriers, techniciens et agents de maîtrise de l'imprimerie",F2X,"Ouvriers, techniciens et agents de maîtrise des industries graphiques",F,"Matériaux souples, bois, industries graphiques"
G0A40a,Ouvriers en réparation - montage en systèmes horlogers,G0A40,Ouvriers de la maintenance générale et mécanique,G0A,Ouvriers qualifiés de la maintenance,G,Maintenance
G0A40b,Ouvriers en maintenance générale et mécanique industrielle,G0A40,Ouvriers de la maintenance générale et mécanique,G0A,Ouvriers qualifiés de la maintenance,G,Maintenance
G0A40c,"Ouvriers en installation maintenance en nautisme, mécanique de marine et aéronefs",G0A40,Ouvriers de la maintenance générale et mécanique,G0A,Ouvriers qualifiés de la maintenance,G,Maintenance
G0A41,Ouvriers de la maintenance en électricité et en électronique,G0A41,Ouvriers de la maintenance en électricité et en électronique,G0A,Ouvriers qualifiés de la maintenance,G,Maintenance
G0A43,Ouvriers polyvalents d'entretien du bâtiment,G0A43,Ouvriers polyvalents d'entretien du bâtiment,G0A,Ouvriers qualifiés de la maintenance,G,Maintenance
G0B40a,Ouvriers peu qualifiés en réparation de carrosserie ,G0B40,Carrossiers automobiles,G0B,Ouvriers de la réparation automobile,G,Maintenance
G0B40b,Ouvriers qualifiés en réparation de carrosserie,G0B40,Carrossiers automobiles,G0B,Ouvriers de la réparation automobile,G,Maintenance
G0B41a,"Ouvriers peu qualifiés en maintenance d'engins de chantier, de levage, manutention et agricoles",G0B41,Ouvriers mécaniciens de véhicules,G0B,Ouvriers de la réparation automobile,G,Maintenance
G0B41b,Ouvriers peu qualifiés en mécanique automobile,G0B41,Ouvriers mécaniciens de véhicules,G0B,Ouvriers de la réparation automobile,G,Maintenance
G0B41c,"Ouvriers qualifiés en Réparation de cycles, motocycles et motoculteurs de loisirs",G0B41,Ouvriers mécaniciens de véhicules,G0B,Ouvriers de la réparation automobile,G,Maintenance
G0B41d,"Ouvriers qualifiés en Maintenance d'engins de chantier, de levage, manutention et agricoles",G0B41,Ouvriers mécaniciens de véhicules,G0B,Ouvriers de la réparation automobile,G,Maintenance
G0B41e,Ouvriers qualifiés en Mécanique automobile,G0B41,Ouvriers mécaniciens de véhicules,G0B,Ouvriers de la réparation automobile,G,Maintenance
G1X70,Techniciens et agents de maîtrise en intervention technique en Hygiène Sécurité Environnement -HSE industriel et protection du patrimoine naturel,G1X70,Techniciens et agents de maîtrise en intervention technique en Hygiène Sécurité Environnement -HSE industriel et protection du patrimoine naturel,G1X,Techniciens et agents de maîtrise de la maintenance,G,Maintenance
G1X71a,"Techniciens et agents de maîtrise en mécanique automobile, réparation de cycles, motocycles et motoculteurs de loisirs",G1X71,Techniciens et agents de maîtrise en maintenance de véhicules,G1X,Techniciens et agents de maîtrise de la maintenance,G,Maintenance
G1X71c,"Techniciens et agents de maîtrise en Maintenance d'engins de chantier, de levage, manutention et agricoles",G1X71,Techniciens et agents de maîtrise en maintenance de véhicules,G1X,Techniciens et agents de maîtrise de la maintenance,G,Maintenance
G1X72a,Techniciens et agents de maîtrise en maintenance mécanique et entretien d'équipements industriels,G1X72,Techniciens et agents de maîtrise en maintenance générale et mécanique industrielle,G1X,Techniciens et agents de maîtrise de la maintenance,G,Maintenance
G1X72b,"Techniciens et agents de maîtrise en maintenance en nautisme, mécanique de marine et aéronefs",G1X72,Techniciens et agents de maîtrise en maintenance générale et mécanique industrielle,G1X,Techniciens et agents de maîtrise de la maintenance,G,Maintenance
G1X74,Techniciens et agents de maîtrise en installation et maintenance en froid et conditionnement d'air,G1X74,Techniciens et agents de maîtrise en installation et maintenance en froid et conditionnement d'air,G1X,Techniciens et agents de maîtrise de la maintenance,G,Maintenance
G1X75,Techniciens et agents de maîtrise en assistance et support technique client et en installation et maintenance télécoms et courants faibles,G1X75,Techniciens et agents de maîtrise en assistance et support technique client et en installation et maintenance télécoms et courants faibles,G1X,Techniciens et agents de maîtrise de la maintenance,G,Maintenance
G1X76,Mainteniciens en biens électrodomestiques,G1X76,Mainteniciens en biens électrodomestiques,G1X,Techniciens et agents de maîtrise de la maintenance,G,Maintenance
G1X77a,Techniciens et agents de maîtrise en maintenance électrique,G1X77,"Techniciens et agents de maîtrise en maintenance électrique, électronique et automatismes",G1X,Techniciens et agents de maîtrise de la maintenance,G,Maintenance
G1X77b,Techniciens et agents de maîtrise en Installation et maintenance électronique,G1X77,"Techniciens et agents de maîtrise en maintenance électrique, électronique et automatismes",G1X,Techniciens et agents de maîtrise de la maintenance,G,Maintenance
G1X77c,"Techniciens et agents de maîtrise en études, conception et maintenance d'automatismes",G1X77,"Techniciens et agents de maîtrise en maintenance électrique, électronique et automatismes",G1X,Techniciens et agents de maîtrise de la maintenance,G,Maintenance
G1X78,Techniciens et agents de maîtrise en distribution et assainissement d'eau et gestion des déchets,G1X78,Techniciens et agents de maîtrise en distribution et assainissement d'eau et gestion des déchets,G1X,Techniciens et agents de maîtrise de la maintenance,G,Maintenance
H0X40a,Ouvriers qualifiés du contrôle qualité,H0X40,Ouvriers qualifiés du contrôle qualité et de laboratoire,H0X,Techniciens et ouvriers du contrôle qualité et du dessin industriel,H,"Ingénieurs, cadres et agents des fonctions transverses de l'industrie"
H0X40b,Agents qualifiés de laboratoire,H0X40,Ouvriers qualifiés du contrôle qualité et de laboratoire,H0X,Techniciens et ouvriers du contrôle qualité et du dessin industriel,H,"Ingénieurs, cadres et agents des fonctions transverses de l'industrie"
H0X90,Techniciens du contrôle qualité,H0X90,Techniciens du contrôle qualité,H0X,Techniciens et ouvriers du contrôle qualité et du dessin industriel,H,"Ingénieurs, cadres et agents des fonctions transverses de l'industrie"
H0X91,Techniciens du dessin industriel,H0X91,Techniciens du dessin industriel,H0X,Techniciens et ouvriers du contrôle qualité et du dessin industriel,H,"Ingénieurs, cadres et agents des fonctions transverses de l'industrie"
H0X92,"Techniciens et agents de maîtrise de la logistique, du planning, de l'ordonnancement et méthodes en industrialisation",H0X92,"Techniciens et agents de maîtrise de la logistique, du planning, de l'ordonnancement et méthodes en industrialisation",H0X,Techniciens et ouvriers du contrôle qualité et du dessin industriel,H,"Ingénieurs, cadres et agents des fonctions transverses de l'industrie"
H1X90,Ingénieurs et cadres de fabrication et de la production,H1X90,Ingénieurs et cadres de fabrication et de la production,H1X,Ingénieurs et cadres techniques de l'industrie,H,"Ingénieurs, cadres et agents des fonctions transverses de l'industrie"
H1X91,Ingénieurs et cadres techniques en Hygiène Sécurité Environnement -HSE- industriels et exploitation éco-industriel,H1X91,Ingénieurs et cadres techniques en Hygiène Sécurité Environnement -HSE- industriels et exploitation éco-industriel,H1X,Ingénieurs et cadres techniques de l'industrie,H,"Ingénieurs, cadres et agents des fonctions transverses de l'industrie"
H1X92,Ingénieurs en maintenance et support technique client,H1X92,Ingénieurs en maintenance et support technique client,H1X,Ingénieurs et cadres techniques de l'industrie,H,"Ingénieurs, cadres et agents des fonctions transverses de l'industrie"
H1X93a,Ingénieurs et cadres technique en gestion industrielle et logistique,H1X93,"Ingénieurs des méthodes de production, du contrôle qualité",H1X,Ingénieurs et cadres techniques de l'industrie,H,"Ingénieurs, cadres et agents des fonctions transverses de l'industrie"
H1X93b,Ingénieurs et cadres techniques en Management et ingénierie méthodes et industrialisation,H1X93,"Ingénieurs des méthodes de production, du contrôle qualité",H1X,Ingénieurs et cadres techniques de l'industrie,H,"Ingénieurs, cadres et agents des fonctions transverses de l'industrie"
H1X93c,Ingénieurs et cadres techniques en management et ingénierie qualité industrielle et BTP,H1X93,"Ingénieurs des méthodes de production, du contrôle qualité",H1X,Ingénieurs et cadres techniques de l'industrie,H,"Ingénieurs, cadres et agents des fonctions transverses de l'industrie"
J0X30,Manutentionnaires et déménageurs peu qualifiés,J0X30,Manutentionnaires et déménageurs peu qualifiés,J0X,Ouvriers de la manutention,J,"Transports, logistique et tourisme"
J0X31,Manutentionnaires et déménageurs qualifiés,J0X31,Manutentionnaires et déménageurs qualifiés,J0X,Ouvriers de la manutention,J,"Transports, logistique et tourisme"
J0X32,"Conducteurs d’engins légers de déplacement de charges, cariste",J0X32,"Conducteurs d’engins légers de déplacement de charges, cariste",J0X,Ouvriers de la manutention,J,"Transports, logistique et tourisme"
J0X33,Magasiniers et préparateurs de commandes peu qualifiés,J0X33,Magasiniers et préparateurs de commandes peu qualifiés,J0X,Ouvriers de la manutention,J,"Transports, logistique et tourisme"
J0X34,Magasiniers et préparateurs de commande qualifiés,J0X34,Magasiniers et préparateurs de commande qualifiés,J0X,Ouvriers de la manutention,J,"Transports, logistique et tourisme"
J1X80,Responsable du magasinage et de la logistique (non cadres),J1X80,Responsable du magasinage et de la logistique (non cadres),J1X,Responsable magasinage,J,"Transports, logistique et tourisme"
J2X40,Facteurs et distributeurs de documents (non cadres),J2X40,Facteurs et distributeurs de documents (non cadres),J2X,Facteurs,J,"Transports, logistique et tourisme"
J3X40a,Ambulanciers,J3X40,Conducteurs de véhicules légers,J3X,Conducteurs de véhicules,J,"Transports, logistique et tourisme"
J3X40b,"Conducteurs de taxi, VTC",J3X40,Conducteurs de véhicules légers,J3X,Conducteurs de véhicules,J,"Transports, logistique et tourisme"
J3X41,Conducteurs de transport en commun sur route,J3X41,Conducteurs de transport en commun sur route,J3X,Conducteurs de véhicules,J,"Transports, logistique et tourisme"
J3X42,Conducteurs et livreurs sur courte distance (hors distribution de documents),J3X42,Conducteurs et livreurs sur courte distance (hors distribution de documents),J3X,Conducteurs de véhicules,J,"Transports, logistique et tourisme"
J3X43,Conducteurs routiers,J3X43,Conducteurs routiers,J3X,Conducteurs de véhicules,J,"Transports, logistique et tourisme"
J3X44,Conducteurs sur rails et d'engins de traction,J3X44,Conducteurs sur rails et d'engins de traction,J3X,Conducteurs de véhicules,J,"Transports, logistique et tourisme"
J4X60,Agents et hôtesses d'accompagnement,J4X60,Agents et hôtesses d'accompagnement,J4X,Employés commerciaux des transports et du tourisme,J,"Transports, logistique et tourisme"
J4X62,Employés administratifs et commerciaux des transports,J4X62,Employés administratifs et commerciaux des transports,J4X,Employés commerciaux des transports et du tourisme,J,"Transports, logistique et tourisme"
J4X63,Employés du tourisme et agent de billetterie des transports,J4X63,Employés du tourisme et agent de billetterie des transports,J4X,Employés commerciaux des transports et du tourisme,J,"Transports, logistique et tourisme"
J5X40a,Agents d'exploitation des transports (hors ferroviaire),J5X40,Agents d'exploitation du transport,J5X,Agents d'exploitation des transports et maîtrise du tourisme,J,"Transports, logistique et tourisme"
J5X40b,Agents d'exploitation des transports ferroviaires,J5X40,Agents d'exploitation du transport,J5X,Agents d'exploitation des transports et maîtrise du tourisme,J,"Transports, logistique et tourisme"
J5X40c,"Responsable de circulation ferroviaire, chef de gare (non cadres)",J5X40,Agents d'exploitation du transport,J5X,Agents d'exploitation des transports et maîtrise du tourisme,J,"Transports, logistique et tourisme"
J5X60,Contrôleurs des transports,J5X60,Contrôleurs des transports,J5X,Agents d'exploitation des transports et maîtrise du tourisme,J,"Transports, logistique et tourisme"
J5X80,Techniciens d'exploitation et d'administration des transports,J5X80,Techniciens d'exploitation et d'administration des transports,J5X,Agents d'exploitation des transports et maîtrise du tourisme,J,"Transports, logistique et tourisme"
J5X81,Techniciens et agents de maîtrise du tourisme,J5X81,Techniciens et agents de maîtrise du tourisme,J5X,Agents d'exploitation des transports et maîtrise du tourisme,J,"Transports, logistique et tourisme"
J6X90a,Cadres des transports,J6X90,Cadres des transports et du tourisme,J6X,"Cadres des transports, du tourisme, de la logistique et navigants de l'aviation",J,"Transports, logistique et tourisme"
J6X90b,Cadres du tourisme,J6X90,Cadres des transports et du tourisme,J6X,"Cadres des transports, du tourisme, de la logistique et navigants de l'aviation",J,"Transports, logistique et tourisme"
J6X91,Personnels techniques navigants de l’aviation,J6X91,Personnels techniques navigants de l’aviation,J6X,"Cadres des transports, du tourisme, de la logistique et navigants de l'aviation",J,"Transports, logistique et tourisme"
J6X92,Cadres de la logistique,J6X92,Cadres de la logistique,J6X,"Cadres des transports, du tourisme, de la logistique et navigants de l'aviation",J,"Transports, logistique et tourisme"
K0X30,Artisans et ouvriers artisanaux,K0X30,Artisans et ouvriers artisanaux,K0X,Artisans et ouvriers artisanaux,K,Artisanat
K0X32,Artisans et ouvriers de blanchisserie,K0X32,Artisans et ouvriers de blanchisserie,K0X,Artisans et ouvriers artisanaux,K,Artisanat
L0X60a,Secrétaires,L0X60,Secrétaires bureautiques et assimilés,L0X,Secrétaires,L,Gestion et administration des entreprises et des établissements publics
L0X60b,Secrétaires assistants commerciaux,L0X60,Secrétaires bureautiques et assimilés,L0X,Secrétaires,L,Gestion et administration des entreprises et des établissements publics
L0X60c,Secrétaires comptables,L0X60,Secrétaires bureautiques et assimilés,L0X,Secrétaires,L,Gestion et administration des entreprises et des établissements publics
L0X60d,Secrétaires médicaux et assistants médicaux ou médico-sociaux,L0X60,Secrétaires bureautiques et assimilés,L0X,Secrétaires,L,Gestion et administration des entreprises et des établissements publics
L1X60,Employés de la comptabilité,L1X60,Employés de la comptabilité,L1X,Employés de la comptabilité,L,Gestion et administration des entreprises et des établissements publics
L2X60,Agents d'accueil et d'information,L2X60,Agents d'accueil et d'information,L2X,Employés administratifs d'entreprise et d'administration publique,L,Gestion et administration des entreprises et des établissements publics
L2X61,Agents administratifs,L2X61,Agents administratifs,L2X,Employés administratifs d'entreprise et d'administration publique,L,Gestion et administration des entreprises et des établissements publics
L3X80a,Assistants commerciaux techniciens,L3X80,Secrétaires de direction,L3X,Secrétaires de direction,L,Gestion et administration des entreprises et des établissements publics
L3X80b,Secrétaires et assistanat de direction,L3X80,Secrétaires de direction,L3X,Secrétaires de direction,L,Gestion et administration des entreprises et des établissements publics
L3X80c,Secrétaires de direction comptable,L3X80,Secrétaires de direction,L3X,Secrétaires de direction,L,Gestion et administration des entreprises et des établissements publics
L3X80d,Secrétaires de direction médical ou médico-social,L3X80,Secrétaires de direction,L3X,Secrétaires de direction,L,Gestion et administration des entreprises et des établissements publics
L4X80a,Techniciens assistanat en ressources humaines,L4X80,Techniciens des services administratifs,L4X,"Techniciens des services administratifs, comptables et financiers",L,Gestion et administration des entreprises et des établissements publics
L4X80b,"Techniciens assistanat technique, administratif et gestion d'enquêtes",L4X80,Techniciens des services administratifs,L4X,"Techniciens des services administratifs, comptables et financiers",L,Gestion et administration des entreprises et des établissements publics
L4X81,Techniciens et agents de maîtrise des services financiers ou comptables,L4X81,Techniciens et agents de maîtrise des services financiers ou comptables,L4X,"Techniciens des services administratifs, comptables et financiers",L,Gestion et administration des entreprises et des établissements publics
L4X82,Techniciens et agents de maîtrise chargés d'études socio-économiques,L4X82,Techniciens et agents de maîtrise chargés d'études socio-économiques,L4X,"Techniciens des services administratifs, comptables et financiers",L,Gestion et administration des entreprises et des établissements publics
L5X90,"Cadres administratifs, comptables et financiers (hors juristes)",L5X90,"Cadres administratifs, comptables et financiers (hors juristes)",L5X,"Cadres des services administratifs, comptables et financiers",L,Gestion et administration des entreprises et des établissements publics
L5X91,Juristes et avocats,L5X91,Juristes et avocats,L5X,"Cadres des services administratifs, comptables et financiers",L,Gestion et administration des entreprises et des établissements publics
L5X92,Cadres des ressources humaines et du recrutement,L5X92,Cadres des ressources humaines et du recrutement,L5X,"Cadres des services administratifs, comptables et financiers",L,Gestion et administration des entreprises et des établissements publics
L5X93,Chargés d'études socio-économiques,L5X93,Chargés d'études socio-économiques,L5X,"Cadres des services administratifs, comptables et financiers",L,Gestion et administration des entreprises et des établissements publics
L6X00,Dirigeants de petites et moyennes entreprises de moins de 50 salariés,L6X00,Dirigeants de petites et moyennes entreprises de moins de 50 salariés,L6X,Dirigeants d'entreprises,L,Gestion et administration des entreprises et des établissements publics
L6X90,Cadres dirigeants des grandes entreprises de plus de 50 salariés,L6X90,Cadres dirigeants des grandes entreprises de plus de 50 salariés,L6X,Dirigeants d'entreprises,L,Gestion et administration des entreprises et des établissements publics
M1X80,Techniciens d'étude et de développement en informatique,M1X80,Techniciens d'étude et de développement en informatique,M1X,Techniciens de l'informatique,M,Informatique et télécommunications
M1X81a,"Techniciens de production, exploitation et administration des systèmes d'information",M1X81,"Techniciens de production, d'exploitation, d'installation, et de maintenance, support et services aux utilisateurs en informatique",M1X,Techniciens de l'informatique,M,Informatique et télécommunications
M1X81b,"Techniciens d’exploitation, installation et maintenance des infrastructures réseau télecoms",M1X81,"Techniciens de production, d'exploitation, d'installation, et de maintenance, support et services aux utilisateurs en informatique",M1X,Techniciens de l'informatique,M,Informatique et télécommunications
M1X81c,"Techniciens de maintenance, support et service aux utilisateurs en informatique",M1X81,"Techniciens de production, d'exploitation, d'installation, et de maintenance, support et services aux utilisateurs en informatique",M1X,Techniciens de l'informatique,M,Informatique et télécommunications
M2X90,"Ingénieurs et cadres d'étude, recherche et développement en informatique et télécom",M2X90,"Ingénieurs et cadres d'étude, recherche et développement en informatique et télécom",M2X,Ingénieurs de l'informatique,M,Informatique et télécommunications
M2X91,Chefs de projet et directeurs de service informatique,M2X91,Chefs de projet et directeurs de service informatique,M2X,Ingénieurs de l'informatique,M,Informatique et télécommunications
M2X92a,"Responsables de production, d'exploitation et d'administration des systèmes d'information et télécom",M2X92,"Responsables et cadres de la production, de l'exploitation et de la maintenance informatique et télécom",M2X,Ingénieurs de l'informatique,M,Informatique et télécommunications
M2X92b,"Responsables et cadres de maintenance, support et service aux utilisateurs en informatique et télécom",M2X92,"Responsables et cadres de la production, de l'exploitation et de la maintenance informatique et télécom",M2X,Ingénieurs de l'informatique,M,Informatique et télécommunications
M2X93,Experts et consultants en systèmes d'information,M2X93,Experts et consultants en systèmes d'information,M2X,Ingénieurs de l'informatique,M,Informatique et télécommunications
N0X70,"Techniciens d'étude, recherche et développement",N0X70,"Techniciens d'étude, recherche et développement",N0X,Techniciens d'études et de recherche,N,Études et recherche
N1X90,"Ingénieurs et cadres d'étude, recherche et développement (industrie)",N1X90,"Ingénieurs et cadres d'étude, recherche et développement (industrie)",N1X,Cadres d'études et de recherche,N,Études et recherche
N1X91,Chercheurs (sauf industrie et enseignement supérieur),N1X91,Chercheurs (sauf industrie et enseignement supérieur),N1X,Cadres d'études et de recherche,N,Études et recherche
P0X60,Agents des impôts et des douanes,P0X60,Agents des impôts et des douanes,P0X,Employés administratifs des administrations publiques (catégorie C et assimilés),P,"Administration publique, professions juridiques, armée et police"
P0X61,Autres cadres C des administrations publiques,P0X61,Autres cadres C des administrations publiques,P0X,Employés administratifs des administrations publiques (catégorie C et assimilés),P,"Administration publique, professions juridiques, armée et police"
P1X80,Contrôleurs des impôts et des douanes,P1X80,Contrôleurs des impôts et des douanes,P1X,Professions intermédiaires administratives des administrations publiques (catégorie B et assimilés),P,"Administration publique, professions juridiques, armée et police"
P1X81,Autres cadres B des administrations publiques,P1X81,Autres cadres B des administrations publiques,P1X,Professions intermédiaires administratives des administrations publiques (catégorie B et assimilés),P,"Administration publique, professions juridiques, armée et police"
P2X90a,"Cadres A des administrations publiques en conception, pilotage et mise en oeuvre des pouvoirs publics et en représentation de l'Etat",P2X90,Cadres A des administrations publiques (hors spécialités juridiques) et assimilés,P2X,Cadres des administrations publiques (catégorie A et assimilés),P,"Administration publique, professions juridiques, armée et police"
P2X90b,"Cadres A des administrations publiques en management de structure de santé, sociale ou pénitentiaire",P2X90,Cadres A des administrations publiques (hors spécialités juridiques) et assimilés,P2X,Cadres des administrations publiques (catégorie A et assimilés),P,"Administration publique, professions juridiques, armée et police"
P2X90e,"Cadres A des administrations publiques en inspection du travail, de la sécurité sociale et des Urssaf",P2X90,Cadres A des administrations publiques (hors spécialités juridiques) et assimilés,P2X,Cadres des administrations publiques (catégorie A et assimilés),P,"Administration publique, professions juridiques, armée et police"
P2X90g,"Cadres A des impôts, du Trésor Public et des douanes",P2X90,Cadres A des administrations publiques (hors spécialités juridiques) et assimilés,P2X,Cadres des administrations publiques (catégorie A et assimilés),P,"Administration publique, professions juridiques, armée et police"
P2X90h,Cadres A des administrations publiques chargées du patrimoine et de la culture ,P2X90,Cadres A des administrations publiques (hors spécialités juridiques) et assimilés,P2X,Cadres des administrations publiques (catégorie A et assimilés),P,"Administration publique, professions juridiques, armée et police"
P2X90i,Cadres A de l'administration publique territoriale,P2X90,Cadres A des administrations publiques (hors spécialités juridiques) et assimilés,P2X,Cadres des administrations publiques (catégorie A et assimilés),P,"Administration publique, professions juridiques, armée et police"
P3X90a,Professionnels du droit en Aide et médiation judiciaire,P3X90,Professionnels du droit,P3X,Professionnels du droit (hors juristes en entreprise),P,"Administration publique, professions juridiques, armée et police"
P3X90b,Professionnels du droit en Collaboration juridique,P3X90,Professionnels du droit,P3X,Professionnels du droit (hors juristes en entreprise),P,"Administration publique, professions juridiques, armée et police"
P3X91,Magistrats,P3X91,Magistrats,P3X,Professionnels du droit (hors juristes en entreprise),P,"Administration publique, professions juridiques, armée et police"
P4X60a,Personnel de la Défense,P4X60,Agents de sécurité et de l'ordre public,P4X,"Armée, police, pompiers",P,"Administration publique, professions juridiques, armée et police"
P4X60b,Sécurité civile et secours,P4X60,Agents de sécurité et de l'ordre public,P4X,"Armée, police, pompiers",P,"Administration publique, professions juridiques, armée et police"
P4X60c,Sécurité publique,P4X60,Agents de sécurité et de l'ordre public,P4X,"Armée, police, pompiers",P,"Administration publique, professions juridiques, armée et police"
P4X61,Agents de polices municipales,P4X61,Agents de polices municipales,P4X,"Armée, police, pompiers",P,"Administration publique, professions juridiques, armée et police"
P4X80a,Cadres de la sécurité civile et des secours,P4X80,Cadres de la police et de l'armée,P4X,"Armée, police, pompiers",P,"Administration publique, professions juridiques, armée et police"
P4X80b,Cadres de la défense,P4X80,Cadres de la police et de l'armée,P4X,"Armée, police, pompiers",P,"Administration publique, professions juridiques, armée et police"
P4X80c,Management de la sécurité publique,P4X80,Cadres de la police et de l'armée,P4X,"Armée, police, pompiers",P,"Administration publique, professions juridiques, armée et police"
QAX01,Experts de la finance,QAX01,Experts de la finance,QAX,"Experts de la finance, de la banque et de l'assurance",Q,Banque et assurances
QAX02,Experts de la banque,QAX02,Experts de la banque,QAX,"Experts de la finance, de la banque et de l'assurance",Q,Banque et assurances
QAX03,Experts de l'assurance,QAX03,Experts de l'assurance,QAX,"Experts de la finance, de la banque et de l'assurance",Q,Banque et assurances
QBX01,Gestionnaires de la banque et de l'assurance,QBX01,Gestionnaires de la banque et de l'assurance,QBX,Gestionnaires de la banque et de l'assurance,Q,Banque et assurances
QCX01,Employés et techniciens commerciaux de la banque,QCX01,Employés et techniciens commerciaux de la banque,QCX,Commerciaux de la banque,Q,Banque et assurances
QCX02,Cadres et indépendants commerciaux de la banque,QCX02,Cadres et indépendants commerciaux de la banque,QCX,Commerciaux de la banque,Q,Banque et assurances
QDX01,Employés et techniciens commerciaux des assurances,QDX01,Employés et techniciens commerciaux des assurances,QDX,Commerciaux des assurances,Q,Banque et assurances
QDX02,Cadres et indépendants commerciaux des assurances,QDX02,Cadres et indépendants commerciaux des assurances,QDX,Commerciaux des assurances,Q,Banque et assurances
QEX01,Managers en banque assurance,QEX01,Managers en banque assurance,QEX,Managers en banque assurance,Q,Banque et assurances
R0X60a,Employés de magasins animateurs de vente,R0X60,Employés de libre service,R0X,"Caissiers, employés de libre service",R,Commerce
R0X60b,Employés de mise en rayon libre-service,R0X60,Employés de libre service,R0X,"Caissiers, employés de libre service",R,Commerce
R0X61,Caissiers,R0X61,Caissiers,R0X,"Caissiers, employés de libre service",R,Commerce
R1X60a,Vendeurs en poissonnerie,R1X60,Vendeurs en produits alimentaires,R1X,Vendeurs,R,Commerce
R1X60b,Vendeurs en alimentation,R1X60,Vendeurs en produits alimentaires,R1X,Vendeurs,R,Commerce
R1X60c,Vendeurs en gros de produits frais,R1X60,Vendeurs en produits alimentaires,R1X,Vendeurs,R,Commerce
R1X61,"Vendeurs en ameublement, équipement du foyer, bricolage",R1X61,"Vendeurs en ameublement, équipement du foyer, bricolage",R1X,Vendeurs,R,Commerce
R1X62a,"Vendeurs en Achat vente d'objets d'art, anciens ou d'occasion",R1X62,"Vendeurs en habillement et accessoires, articles de luxe, de sport, de loisirs et culturels",R1X,Vendeurs,R,Commerce
R1X62b,Vendeurs de végétaux et vendeurs en animalerie,R1X62,"Vendeurs en habillement et accessoires, articles de luxe, de sport, de loisirs et culturels",R1X,Vendeurs,R,Commerce
R1X62d,"Vendeurs en articles de sport, de loisirs et de véhicules",R1X62,"Vendeurs en habillement et accessoires, articles de luxe, de sport, de loisirs et culturels",R1X,Vendeurs,R,Commerce
R1X62e,Vendeurs en habillement et accessoires de la personne,R1X62,"Vendeurs en habillement et accessoires, articles de luxe, de sport, de loisirs et culturels",R1X,Vendeurs,R,Commerce
R1X67,Télévendeurs et téléconseillers,R1X67,Télévendeurs et téléconseillers,R1X,Vendeurs,R,Commerce
R1X68,Employés des services commerciaux,R1X68,Employés des services commerciaux,R1X,Vendeurs,R,Commerce
R2X80a,Attachés commerciaux (hors médical),R2X80,Attachés commerciaux ,R2X,Attachés commerciaux et représentants,R,Commerce
R2X80b,Conseillers en information médicale,R2X80,Attachés commerciaux ,R2X,Attachés commerciaux et représentants,R,Commerce
R2X83,Représentants auprès des particuliers,R2X83,Représentants auprès des particuliers,R2X,Attachés commerciaux et représentants,R,Commerce
R3X80,Maîtrise des magasins,R3X80,Maîtrise des magasins,R3X,Maîtrise des magasins et intermédiaires du commerce,R,Commerce
R3X82,Professions intermédiaires commerciales des achats,R3X82,Professions intermédiaires commerciales des achats,R3X,Maîtrise des magasins et intermédiaires du commerce,R,Commerce
R3X83,Professions intermédiaires du marketing et des services commerciaux (hors achats),R3X83,Professions intermédiaires du marketing et des services commerciaux (hors achats),R3X,Maîtrise des magasins et intermédiaires du commerce,R,Commerce
R3X84,Employés et professions intermédiaires de l'immobilier,R3X84,Employés et professions intermédiaires de l'immobilier,R3X,Maîtrise des magasins et intermédiaires du commerce,R,Commerce
R4X90a,acheteurs,R4X90,"Cadres commerciaux, acheteurs et cadres de la mercatique",R4X,Cadres commerciaux et technico-commerciaux,R,Commerce
R4X90b,Cadres commerciaux et de la mercatique,R4X90,"Cadres commerciaux, acheteurs et cadres de la mercatique",R4X,Cadres commerciaux et technico-commerciaux,R,Commerce
R4X91,Technico-commerciaux,R4X91,Technico-commerciaux,R4X,Cadres commerciaux et technico-commerciaux,R,Commerce
R4X92,Cadres du management des magasins,R4X92,Cadres du management des magasins,R4X,Cadres commerciaux et technico-commerciaux,R,Commerce
R4X93a,Cadres agents immobiliers,R4X93,Cadres agents immobiliers et syndics,R4X,Cadres commerciaux et technico-commerciaux,R,Commerce
R4X93b,"Cadres chargés de gérance, de location et de projets immobiliers",R4X93,Cadres agents immobiliers et syndics,R4X,Cadres commerciaux et technico-commerciaux,R,Commerce
S0X40,Bouchers,S0X40,Bouchers,S0X,"Bouchers, charcutiers, boulangers",S,"Hôtellerie, restauration, alimentation"
S0X41,"Charcutiers, traiteurs",S0X41,"Charcutiers, traiteurs",S0X,"Bouchers, charcutiers, boulangers",S,"Hôtellerie, restauration, alimentation"
S0X42,"Boulangers, pâtissiers",S0X42,"Boulangers, pâtissiers",S0X,"Bouchers, charcutiers, boulangers",S,"Hôtellerie, restauration, alimentation"
S1X20,Aides de cuisine et employés polyvalents de la restauration,S1X20,Aides de cuisine et employés polyvalents de la restauration,S1X,Cuisiniers,S,"Hôtellerie, restauration, alimentation"
S1X40,Cuisiniers,S1X40,Cuisiniers,S1X,Cuisiniers,S,"Hôtellerie, restauration, alimentation"
S1X80,Chefs cuisiniers,S1X80,Chefs cuisiniers,S1X,Cuisiniers,S,"Hôtellerie, restauration, alimentation"
S2X60,Employés de l'hôtellerie,S2X60,Employés de l'hôtellerie,S2X,Employés et agents de maîtrise de l'hôtellerie et de la restauration,S,"Hôtellerie, restauration, alimentation"
S2X61,Serveurs de cafés restaurants,S2X61,Serveurs de cafés restaurants,S2X,Employés et agents de maîtrise de l'hôtellerie et de la restauration,S,"Hôtellerie, restauration, alimentation"
S2X80,Agents de maîtrise de la restauration,S2X80,Agents de maîtrise de la restauration,S2X,Employés et agents de maîtrise de l'hôtellerie et de la restauration,S,"Hôtellerie, restauration, alimentation"
S2X81,Agents de maîtrise de l'hôtellerie et de la gestion des structures de loisirs,S2X81,Agents de maîtrise de l'hôtellerie et de la gestion des structures de loisirs,S2X,Employés et agents de maîtrise de l'hôtellerie et de la restauration,S,"Hôtellerie, restauration, alimentation"
S3X90,Patrons et cadres de l’hôtellerie et de la restauration,S3X90,Patrons et cadres de l’hôtellerie et de la restauration,S3X,Patrons et cadres de l’hôtellerie et de la restauration,S,"Hôtellerie, restauration, alimentation"
T0X60a,Coiffeurs,T0X60,"Coiffeurs, esthéticiens",T0X,"Coiffeurs, esthéticiens",T,Services aux particuliers et aux collectivités
T0X60b,"Esthéticiens, manucure, hydrothérapie",T0X60,"Coiffeurs, esthéticiens",T0X,"Coiffeurs, esthéticiens",T,Services aux particuliers et aux collectivités
T1X60,Personnels de ménage chez des particuliers,T1X60,Personnels de ménage chez des particuliers,T1X,Personnels de ménage chez des particuliers,T,Services aux particuliers et aux collectivités
T2A60,Aides à domicile et auxiliaires de vie,T2A60,Aides à domicile et auxiliaires de vie,T2A,Aides à domicile et auxiliaires de vie,T,Services aux particuliers et aux collectivités
T2B60a,"Assistants maternels, assistants familiaux et gardes à domicile",T2B60,"Assistants maternels, auxiliaires de puériculture, assistants familiaux et gardes à domicile",T2B,"Assistants maternels, auxiliaires de puériculture, assistants familiaux et gardes à domicile",T,Services aux particuliers et aux collectivités
T2B60b,Autres intervenants  auprès d'enfants (hors social),T2B60,"Assistants maternels, auxiliaires de puériculture, assistants familiaux et gardes à domicile",T2B,"Assistants maternels, auxiliaires de puériculture, assistants familiaux et gardes à domicile",T,Services aux particuliers et aux collectivités
T2B60c,Aide en puériculture,T2B60,"Assistants maternels, auxiliaires de puériculture, assistants familiaux et gardes à domicile",T2B,"Assistants maternels, auxiliaires de puériculture, assistants familiaux et gardes à domicile",T,Services aux particuliers et aux collectivités
T3X60,Concierges,T3X60,Concierges,T3X,Agents de gardiennage et de sécurité,T,Services aux particuliers et aux collectivités
T3X61,Agents de sécurité et de surveillance,T3X61,Agents de sécurité et de surveillance,T3X,Agents de gardiennage et de sécurité,T,Services aux particuliers et aux collectivités
T4X60,Agents d'entretien de locaux,T4X60,Agents d'entretien de locaux,T4X,Agents d'entretien,T,Services aux particuliers et aux collectivités
T4X61,Agents de service hospitaliers,T4X61,Agents de service hospitaliers,T4X,Agents d'entretien,T,Services aux particuliers et aux collectivités
T4X62a,Agents d'entretien des espaces urbains,T4X62,Ouvriers de l'assainissement et du traitement des déchets,T4X,Agents d'entretien,T,Services aux particuliers et aux collectivités
T4X62b,Agents d'entretien industriel,T4X62,Ouvriers de l'assainissement et du traitement des déchets,T4X,Agents d'entretien,T,Services aux particuliers et aux collectivités
T6X61a,"Personnels d'attraction, de structures de loisirs et personnels techniques des jeux",T6X61,Employés des services divers,T6X,Employés des services divers,T,Services aux particuliers et aux collectivités
T6X61b,Chargés en développement personnel et en bien-être de la personne,T6X61,Employés des services divers,T6X,Employés des services divers,T,Services aux particuliers et aux collectivités
T6X61c,Personnels des services funéraires,T6X61,Employés des services divers,T6X,Employés des services divers,T,Services aux particuliers et aux collectivités
T6X61d,"Artisans et ouvriers animaliers (toiletteurs, maréchaux-ferrants et taxidermistes)",T6X61,Employés des services divers,T6X,Employés des services divers,T,Services aux particuliers et aux collectivités
U0X80,Assistants de la communication,U0X80,Assistants de la communication,U0X,Professionnels de la communication et de l'information,U,"Communication, information, art et spectacle"
U0X81,Interprètes,U0X81,Interprètes,U0X,Professionnels de la communication et de l'information,U,"Communication, information, art et spectacle"
U0X90,Cadres de la communication,U0X90,Cadres de la communication,U0X,Professionnels de la communication et de l'information,U,"Communication, information, art et spectacle"
U0X91,Cadres et techniciens de la documentation,U0X91,Cadres et techniciens de la documentation,U0X,Professionnels de la communication et de l'information,U,"Communication, information, art et spectacle"
U0X92a,Professionnels de l'édition,U0X92,Journalistes et cadres de l'édition,U0X,Professionnels de la communication et de l'information,U,"Communication, information, art et spectacle"
U0X92b,Journalistes et responsable de l'information média,U0X92,Journalistes et cadres de l'édition,U0X,Professionnels de la communication et de l'information,U,"Communication, information, art et spectacle"
U1X80a,Producteurs de spectacles et promoteurs d'artistes,U1X80,Professionnels des spectacles,U1X,Professionnels des arts et des spectacles,U,"Communication, information, art et spectacle"
U1X80b,Techniciens de la réalisation cinématographique et audiovisuelle,U1X80,Professionnels des spectacles,U1X,Professionnels des arts et des spectacles,U,"Communication, information, art et spectacle"
U1X80c,Techniciens de la préparation de spectacles,U1X80,Professionnels des spectacles,U1X,Professionnels des arts et des spectacles,U,"Communication, information, art et spectacle"
U1X80d,Techniciens du décor et de la régie,U1X80,Professionnels des spectacles,U1X,Professionnels des arts et des spectacles,U,"Communication, information, art et spectacle"
U1X81,Photographes,U1X81,Photographes,U1X,Professionnels des arts et des spectacles,U,"Communication, information, art et spectacle"
U1X82a,Concepteur-décorateur d’espaces,U1X82,"Graphistes, dessinateurs, stylistes, décorateurs et créateurs de supports de communication visuelle",U1X,Professionnels des arts et des spectacles,U,"Communication, information, art et spectacle"
U1X82b,Concepteur-designer de produits,U1X82,"Graphistes, dessinateurs, stylistes, décorateurs et créateurs de supports de communication visuelle",U1X,Professionnels des arts et des spectacles,U,"Communication, information, art et spectacle"
U1X82c,Concepteur et réalisateur multimédia,U1X82,"Graphistes, dessinateurs, stylistes, décorateurs et créateurs de supports de communication visuelle",U1X,Professionnels des arts et des spectacles,U,"Communication, information, art et spectacle"
U1X82d,Concepteurs et réalisateurs de films d'animation,U1X82,"Graphistes, dessinateurs, stylistes, décorateurs et créateurs de supports de communication visuelle",U1X,Professionnels des arts et des spectacles,U,"Communication, information, art et spectacle"
U1X91a,Artistes interprètes et metteurs en scène,U1X91,"Artistes (musique, danse, spectacles)",U1X,Professionnels des arts et des spectacles,U,"Communication, information, art et spectacle"
U1X91b,Enseignants artistiques,U1X91,"Artistes (musique, danse, spectacles)",U1X,Professionnels des arts et des spectacles,U,"Communication, information, art et spectacle"
U1X92,Écrivains,U1X92,Écrivains,U1X,Professionnels des arts et des spectacles,U,"Communication, information, art et spectacle"
U1X93,Artistes plasticiens,U1X93,Artistes plasticiens,U1X,Professionnels des arts et des spectacles,U,"Communication, information, art et spectacle"
V0X60a,Aide aux soins des animaux,V0X60,Aides-soignants,V0X,Aides-soignants,V,"Santé, action sociale, culturelle et sportive"
V0X60b,Assistants médico-techniques,V0X60,Aides-soignants,V0X,Aides-soignants,V,"Santé, action sociale, culturelle et sportive"
V0X60c,Aides-soignants,V0X60,Aides-soignants,V0X,Aides-soignants,V,"Santé, action sociale, culturelle et sportive"
V1X80,Infirmiers et sages-femmes,V1X80,Infirmiers et sages-femmes,V1X,"Infirmiers, sages-femmes",V,"Santé, action sociale, culturelle et sportive"
V1X80a,Infirmiers généralistes et de prévention,V1X80,Infirmiers et sages-femmes,V1X,"Infirmiers, sages-femmes",V,"Santé, action sociale, culturelle et sportive"
V1X80b,"Infirmiers spécialisés, en anesthésie, en bloc opératoire",V1X80,Infirmiers et sages-femmes,V1X,"Infirmiers, sages-femmes",V,"Santé, action sociale, culturelle et sportive"
V1X80c,Infirmiers spécialisés en puériculture,V1X80,Infirmiers et sages-femmes,V1X,"Infirmiers, sages-femmes",V,"Santé, action sociale, culturelle et sportive"
V1X80d,Sages-femmes,V1X80,Infirmiers et sages-femmes,V1X,"Infirmiers, sages-femmes",V,"Santé, action sociale, culturelle et sportive"
V2X90,Médecins,V2X90,Médecins,V2X,"Médecins, dentistes, vétérinaires et pharmaciens",V,"Santé, action sociale, culturelle et sportive"
V2X91,Dentistes,V2X91,Dentistes,V2X,"Médecins, dentistes, vétérinaires et pharmaciens",V,"Santé, action sociale, culturelle et sportive"
V2X92,Vétérinaires,V2X92,Vétérinaires,V2X,"Médecins, dentistes, vétérinaires et pharmaciens",V,"Santé, action sociale, culturelle et sportive"
V2X93a,Pharmaciens,V2X93,Pharmaciens,V2X,"Médecins, dentistes, vétérinaires et pharmaciens",V,"Santé, action sociale, culturelle et sportive"
V2X93b,Biologistes médicaux,V2X93,Pharmaciens,V2X,"Médecins, dentistes, vétérinaires et pharmaciens",V,"Santé, action sociale, culturelle et sportive"
V3X70a,Techniciens de laboratoire médical,V3X70,Techniciens médicaux et préparateurs,V3X,Professions para-médicales,V,"Santé, action sociale, culturelle et sportive"
V3X70b,Techniciens en imagerie médicale,V3X70,Techniciens médicaux et préparateurs,V3X,Professions para-médicales,V,"Santé, action sociale, culturelle et sportive"
V3X70c,Préparation en pharmacie,V3X70,Techniciens médicaux et préparateurs,V3X,Professions para-médicales,V,"Santé, action sociale, culturelle et sportive"
V3X71a,"Prothèses, orthèses et audioprothèses",V3X71,Spécialistes de l'appareillage médical,V3X,Professions para-médicales,V,"Santé, action sociale, culturelle et sportive"
V3X71b,Optique – lunetterie,V3X71,Spécialistes de l'appareillage médical,V3X,Professions para-médicales,V,"Santé, action sociale, culturelle et sportive"
V3X71c,Prothèses dentaires,V3X71,Spécialistes de l'appareillage médical,V3X,Professions para-médicales,V,"Santé, action sociale, culturelle et sportive"
V3X80a,Diététique,V3X80,Autres professionnels para-médicaux,V3X,Professions para-médicales,V,"Santé, action sociale, culturelle et sportive"
V3X80b,Ergothérapeute,V3X80,Autres professionnels para-médicaux,V3X,Professions para-médicales,V,"Santé, action sociale, culturelle et sportive"
V3X80c,masseurs-kinésithérapeuthes,V3X80,Autres professionnels para-médicaux,V3X,Professions para-médicales,V,"Santé, action sociale, culturelle et sportive"
V3X80d,Orthophonistes et spécialistes de l'orthoptique,V3X80,Autres professionnels para-médicaux,V3X,Professions para-médicales,V,"Santé, action sociale, culturelle et sportive"
V3X80f,Ostéopathie et chiropraxie,V3X80,Autres professionnels para-médicaux,V3X,Professions para-médicales,V,"Santé, action sociale, culturelle et sportive"
V3X80g,Pédicurie et podologie,V3X80,Autres professionnels para-médicaux,V3X,Professions para-médicales,V,"Santé, action sociale, culturelle et sportive"
V3X80h,Psychomotricien,V3X80,Autres professionnels para-médicaux,V3X,Professions para-médicales,V,"Santé, action sociale, culturelle et sportive"
V3X90,"Psychologues, psychothérapeutes",V3X90,"Psychologues, psychothérapeutes",V3X,Professions para-médicales,V,"Santé, action sociale, culturelle et sportive"
V4X80,Professionnels de l’orientation et de l’insertion professionnelle,V4X80,Professionnels de l’orientation et de l’insertion professionnelle,V4X,Professionnels de l'action sociale et de l'orientation,V,"Santé, action sociale, culturelle et sportive"
V4X83a,Éducateurs de jeunes enfants,V4X83,Educateurs spécialisés et autres intervenants socio-éducatifs,V4X,Professionnels de l'action sociale et de l'orientation,V,"Santé, action sociale, culturelle et sportive"
V4X83b,"Éducateurs techniques spécialisés, moniteurs d’ateliers",V4X83,Educateurs spécialisés et autres intervenants socio-éducatifs,V4X,Professionnels de l'action sociale et de l'orientation,V,"Santé, action sociale, culturelle et sportive"
V4X84,Aides médico-psychologiques,V4X84,Aides médico-psychologiques,V4X,Professionnels de l'action sociale et de l'orientation,V,"Santé, action sociale, culturelle et sportive"
V4X85a,Agents de médiation conjugale et familiale et aide aux bénéficiaires d'une mesure de protection juridique,V4X85,Professionnels de l'action sociale,V4X,Professionnels de l'action sociale et de l'orientation,V,"Santé, action sociale, culturelle et sportive"
V4X85c,action et médiation sociale,V4X85,Professionnels de l'action sociale,V4X,Professionnels de l'action sociale et de l'orientation,V,"Santé, action sociale, culturelle et sportive"
V4X85d,Accueillants et médiateurs sociaux,V4X85,Professionnels de l'action sociale,V4X,Professionnels de l'action sociale et de l'orientation,V,"Santé, action sociale, culturelle et sportive"
V5X81,Professionnels de l'animation socioculturelle,V5X81,Professionnels de l'animation socioculturelle,V5X,"Professionnels de l'action culturelle, sportive et surveillants",V,"Santé, action sociale, culturelle et sportive"
V5X82,Sportifs et animateurs sportifs,V5X82,Sportifs et animateurs sportifs,V5X,"Professionnels de l'action culturelle, sportive et surveillants",V,"Santé, action sociale, culturelle et sportive"
V5X84a,Surveillants d'établissements scolaires,V5X84,Surveillants d'établissements scolaires et accompagnateurs des élèves en situation de handicap,V5X,"Professionnels de l'action culturelle, sportive et surveillants",V,"Santé, action sociale, culturelle et sportive"
V5X84b,Accompagnateurs des élèves en situation de handicap,V5X84,Surveillants d'établissements scolaires et accompagnateurs des élèves en situation de handicap,V5X,"Professionnels de l'action culturelle, sportive et surveillants",V,"Santé, action sociale, culturelle et sportive"
W0X80,Professeurs des écoles,W0X80,Professeurs des écoles,W0X,Enseignants,W,"Enseignement, formation"
W0X90,Professeurs du secondaire,W0X90,Professeurs du secondaire,W0X,Enseignants,W,"Enseignement, formation"
W0X91,Directeurs d’établissements du secondaire ou du supérieur et inspecteurs,W0X91,Directeurs d’établissements du secondaire ou du supérieur et inspecteurs,W0X,Enseignants,W,"Enseignement, formation"
W0X92,Professeurs du supérieur,W0X92,Professeurs du supérieur,W0X,Enseignants,W,"Enseignement, formation"
W1X80a,Formateurs en conduite,W1X80,Formateurs,W1X,Formateurs,W,"Enseignement, formation"
W1X80b,Formateurs professionnels,W1X80,Formateurs,W1X,Formateurs,W,"Enseignement, formation"
X0X00,Professionnels de la politique,X0X00,Professionnels de la politique,X0X,Professionnels de la politique et clergé,X,"Politique, religion"
X0X01,Clergé,X0X01,Clergé,X0X,Professionnels de la politique et clergé,X,"Politique, religion"
